,URL_ID,URL,POSITIVE SCORE,NEGATIVE SCORE,POLARITY SCORE,SUBJECTIVITY SCORE,AVG SENTENCE LENGTH,PERCENTAGE OF COMPLEX WORDS,FOG INDEX,AVG NUMBER OF WORDS PER SENTENCE,COMPLEX WORD COUNT,WORD COUNT,SYLLABLE PER WORD,PERSONAL PRONOUNS,AVG WORD LENGTH,Unnamed: 15,Unnamed: 16,Unnamed: 17,Unnamed: 18,Unnamed: 19,Unnamed: 20
0,1,https://insights.blackcoffer.com/how-is-login-logout-time-tracking-for-employees-in-office-done-by-ai/,2.0,-3.0,-5.000005000005,-0.0024038461480676778,16.64,0.28365384615384615,6.769461538461539,32.72,118.0,416.0,2.0673076923076925,1.0,6.451923076923077,,,,,,
1,2,https://insights.blackcoffer.com/how-does-ai-help-to-monitor-retail-shelf-watches/,7.0,-6.0,12.999987000013,0.0027472527397053494,12.551724137931034,0.3324175824175824,5.1536566881394466,24.689655172413794,121.0,364.0,2.230769230769231,1.0,6.854395604395604,,,,,,
2,3,https://insights.blackcoffer.com/ai-and-its-impact-on-the-fashion-industry/,23.0,-18.0,8.199998360000327,0.004716981127625489,13.766233766233766,0.36698113207547167,5.6532859593236955,26.350649350649352,389.0,1060.0,2.279245283018868,2.0,6.845283018867924,,,,,,
3,4,https://insights.blackcoffer.com/how-do-deep-learning-models-predict-old-and-new-drugs-that-are-successfully-treated-in-healthcare/,5.0,-1.0,1.4999996250000938,0.016129032193028095,15.5,0.34274193548387094,6.337096774193548,30.75,85.0,248.0,2.274193548387097,1.0,7.048387096774194,,,,,,
4,5,https://insights.blackcoffer.com/how-artificial-intelligence-can-boost-your-productivity-level/,17.0,-15.0,15.999992000004,0.003025718603591954,9.720588235294118,0.35703479576399394,4.031049212423245,20.926470588235293,236.0,661.0,2.2027231467473527,4.0,6.685325264750378,,,,,,
5,6,https://insights.blackcoffer.com/how-are-genetic-sequencing-maps-affected-by-deep-learning-and-ai/,13.0,-10.0,7.666664111111962,0.004518072282352301,13.551020408163266,0.4171686746987952,5.587275633144825,25.979591836734695,277.0,664.0,2.352409638554217,2.0,6.927710843373494,,,,,,
6,7,https://insights.blackcoffer.com/how-is-ai-used-to-solve-traffic-management/,11.0,-22.0,-3.000000272727297,-0.012471655314657987,14.0,0.3764172335600907,5.750566893424036,24.523809523809526,332.0,882.0,2.310657596371882,1.0,6.979591836734694,,,,,,
7,8,https://insights.blackcoffer.com/benefits-of-big-data-in-different-fields/,25.0,-10.0,2.333333177777788,0.013761467877283056,13.79746835443038,0.3697247706422018,5.666877250029033,25.835443037974684,403.0,1090.0,2.3091743119266055,1.0,6.823853211009174,,,,,,
8,9,https://insights.blackcoffer.com/how-big-data-will-impact-the-future-of-business/,25.0,-11.0,2.571428387755115,0.014418125628817585,12.1375,0.36766220391349125,5.0020648815653965,22.975,357.0,971.0,2.2451081359423273,2.0,6.621009268795056,,,,,,
9,10,https://insights.blackcoffer.com/how-will-ai-make-decisions-in-tomorrows-wars/,7.0,-12.0,-3.800000760000152,-0.015243902392549078,9.11111111111111,0.35365853658536583,3.785907859078591,18.97222222222222,116.0,328.0,2.2103658536585367,1.0,6.396341463414634,,,,,,
10,11,https://insights.blackcoffer.com/which-one-is-better-ai-or-big-data/,4.0,-1.0,1.6666661111112961,0.007936507915511884,11.117647058823529,0.38095238095238093,4.599439775910365,22.235294117647058,144.0,378.0,2.3518518518518516,0.0,6.666666666666667,,,,,,
11,12,https://insights.blackcoffer.com/how-robots-can-help-in-e-learning-platforms/,15.0,-28.0,-3.307692562130197,-0.017980636213028166,9.38961038961039,0.3153526970954357,3.8819852346823307,20.805194805194805,228.0,723.0,2.1549100968188104,3.0,6.788381742738589,,,,,,
12,13,https://insights.blackcoffer.com/how-does-big-data-help-in-finance-and-the-growth-of-large-firms/,13.0,-12.0,24.999975000025003,0.0016129032232049948,10.333333333333334,0.38225806451612904,4.286236559139786,21.816666666666666,237.0,620.0,2.25,2.0,6.632258064516129,,,,,,
13,14,https://insights.blackcoffer.com/future-of-work-robot-ai-and-automation/,7.0,-6.0,12.999987000013,0.0032362459442192688,11.444444444444445,0.4110032362459547,4.74217907227616,24.185185185185187,127.0,309.0,2.4174757281553396,2.0,7.155339805825243,,,,,,
14,15,https://insights.blackcoffer.com/how-ai-will-help-the-defense-power-of-a-country/,10.0,-26.0,-2.2500001406250085,-0.02231520220039721,7.5473684210526315,0.3403068340306834,3.155070102033326,16.852631578947367,244.0,717.0,2.2161785216178522,2.0,6.615062761506276,,,,,,
15,16,https://insights.blackcoffer.com/future-of-ai-and-machine-roles-in-the-medical-sector/,6.0,-6.0,12000000.0,0.0,13.5,0.35390946502057613,5.541563786008231,29.63888888888889,172.0,486.0,2.185185185185185,1.0,6.516460905349795,,,,,,
16,17,https://insights.blackcoffer.com/ai-in-healthcare-to-improve-patient-outcomes/,20.0,-16.0,8.999997750000562,0.0036264732514719187,14.324675324675324,0.4070716228467815,5.8926987790088425,26.25974025974026,449.0,1103.0,2.376246600181324,1.0,7.213961922030825,,,,,,
17,18,https://insights.blackcoffer.com/what-if-the-creation-is-taking-over-the-creator/,14.0,-23.0,-4.111111567901285,-0.012802275941959778,8.679012345679013,0.32147937411095306,3.600196687915987,20.432098765432098,226.0,703.0,2.1009957325746798,2.0,6.399715504978663,,,,,,
18,19,https://insights.blackcoffer.com/what-jobs-will-robots-take-from-humans-in-the-future/,19.0,-23.0,-10.500002625000656,-0.0041623309009757225,11.174418604651162,0.40582726326742974,4.632098347167437,22.453488372093023,390.0,961.0,2.388137356919875,1.0,7.165452653485952,,,,,,
19,20,https://insights.blackcoffer.com/will-machine-replace-the-human-in-the-future-of-work/,9.0,-14.0,-4.600000920000184,-0.006031363080782433,8.635416666666666,0.29191797346200243,3.5709338560514676,19.229166666666668,242.0,829.0,2.051869722557298,2.0,6.3136308805790105,,,,,,
20,21,https://insights.blackcoffer.com/will-ai-replace-us-or-work-with-us/,19.0,-23.0,-10.500002625000656,-0.004210526311357341,11.875,0.3389473684210526,4.885578947368422,24.9125,322.0,950.0,2.1536842105263156,2.0,6.629473684210526,,,,,,
21,22,https://insights.blackcoffer.com/man-and-machines-together-machines-are-more-diligent-than-humans-blackcoffe/,19.0,-16.0,11.666662777779074,0.004385964905868472,10.523076923076923,0.3347953216374269,4.34314889788574,23.2,229.0,684.0,2.1505847953216373,4.0,6.557017543859649,,,,,,
22,23,https://insights.blackcoffer.com/in-future-or-in-upcoming-years-humans-and-machines-are-going-to-work-together-in-every-field-of-work/,9.0,-3.0,1.9999996666667221,0.01515151511325375,8.608695652173912,0.38636363636363635,3.5980237154150196,18.565217391304348,153.0,396.0,2.2297979797979797,2.0,6.704545454545454,,,,,,
23,24,https://insights.blackcoffer.com/how-neural-networks-can-be-applied-in-various-areas-in-the-future/,28.0,-16.0,3.6666663611111368,0.015228426376613672,11.257142857142858,0.32614213197969544,4.633313995649021,24.957142857142856,257.0,788.0,2.1763959390862944,2.0,6.635786802030457,,,,,,
24,25,https://insights.blackcoffer.com/how-machine-learning-will-affect-your-business/,7.0,-6.0,12.999987000013,0.0024691357963725043,10.945945945945946,0.2518518518518518,4.479119119119119,22.486486486486488,102.0,405.0,1.9259259259259258,1.0,6.120987654320988,,,,,,
25,26,https://insights.blackcoffer.com/deep-learning-impact-on-areas-of-e-learning/,18.0,-27.0,-5.000000555555617,-0.00803571427853954,13.658536585365853,0.3392857142857143,5.599128919860627,29.597560975609756,380.0,1120.0,2.1660714285714286,3.0,6.470535714285714,,,,,,
26,27,https://insights.blackcoffer.com/how-to-protect-future-data-and-its-privacy-blackcoffer/,13.0,-25.0,-3.1666669305555772,-0.010256410247644093,11.142857142857142,0.30085470085470084,4.577484737484737,22.942857142857143,352.0,1170.0,2.1085470085470086,1.0,6.291452991452991,,,,,,
27,28,https://insights.blackcoffer.com/how-machines-ai-automations-and-robo-human-are-effective-in-finance-and-banking/,11.0,-17.0,-4.666667444444574,-0.008836524287427799,11.508474576271187,0.4167893961708395,4.7701055889768105,22.627118644067796,283.0,679.0,2.3799705449189985,2.0,7.24300441826215,,,,,,
28,29,https://insights.blackcoffer.com/ai-human-robotics-machine-future-planet-blackcoffer-thinking-jobs-workplace/,11.0,-16.0,-5.400001080000216,-0.006954102911051317,8.662650602409638,0.31154381084840055,3.5896777653032155,17.337349397590362,224.0,719.0,2.0639777468706537,3.0,6.255910987482615,,,,,,
29,30,https://insights.blackcoffer.com/how-ai-will-change-the-world-blackcoffer/,16.0,-15.0,30.999969000031,0.001261034046329087,11.661764705882353,0.35687263556116017,4.807454936577406,27.41176470588235,283.0,793.0,2.269861286254729,4.0,6.7591424968474145,,,,,,
30,31,https://insights.blackcoffer.com/future-of-work-how-ai-has-entered-the-workplace/,21.0,-10.0,2.8181815619834945,0.01212789414318865,10.797619047619047,0.3296582138919515,4.4509109046044,22.44047619047619,299.0,907.0,2.157662624035281,2.0,6.540242557883131,,,,,,
31,32,https://insights.blackcoffer.com/ai-tool-alexa-google-assistant-finance-banking-tool-future/,13.0,-2.0,1.3636362396694328,0.037542661987909,12.73913043478261,0.3924914675767918,5.25264876094376,25.043478260869566,115.0,293.0,2.372013651877133,0.0,7.283276450511946,,,,,,
32,33,https://insights.blackcoffer.com/ai-healthcare-revolution-ml-technology-algorithm-google-analytics-industrialrevolution/,19.0,-23.0,-10.500002625000656,-0.005037783368970046,79.4,0.3211586901763224,31.88846347607053,190.7,255.0,794.0,2.1284634760705288,3.0,6.6183879093199,,,,,,
33,34,https://insights.blackcoffer.com/all-you-need-to-know-about-online-marketing/,9.0,0.0,0.9999998888889013,0.01682242987509826,9.553571428571429,0.3794392523364486,3.973204272363151,19.482142857142858,203.0,535.0,2.194392523364486,0.0,6.751401869158879,,,,,,
34,35,https://insights.blackcoffer.com/evolution-of-advertising-industry/,6.0,-3.0,2.9999990000003334,0.007371007352896788,9.926829268292684,0.4594594594594595,4.154515491100858,20.24390243902439,187.0,407.0,2.484029484029484,0.0,7.5085995085995085,,,,,,
35,36,https://insights.blackcoffer.com/how-data-analytics-can-help-your-business-respond-to-the-impact-of-covid-19/,2.0,-4.0,-3.00000150000075,-0.011627906909140076,13.23076923076923,0.3953488372093023,5.450447227191414,28.46153846153846,68.0,172.0,2.4069767441860463,1.0,7.017441860465116,,,,,,
36,37,https://insights.blackcoffer.com/covid-19-environmental-impact-for-the-future/,12.0,-29.0,-2.4117648477508737,-0.029411764654996946,10.90566037735849,0.3546712802768166,4.504132663054123,22.056603773584907,205.0,578.0,2.1955017301038064,4.0,6.640138408304498,,,,,,
37,38,https://insights.blackcoffer.com/environmental-impact-of-the-covid-19-pandemic-lesson-for-the-future/,4.0,-30.0,-1.3076923579881676,-0.034391534346042946,13.5,0.33465608465608465,5.533862433862435,27.553571428571427,253.0,756.0,2.167989417989418,1.0,6.743386243386244,,,,,,
38,39,https://insights.blackcoffer.com/how-data-analytics-and-ai-are-used-to-halt-the-covid-19-pandemic/,3.0,-6.0,-3.0000010000003337,-0.0077319587429588695,12.933333333333334,0.3427835051546392,5.310446735395189,27.266666666666666,133.0,388.0,2.2061855670103094,2.0,6.610824742268041,,,,,,
39,40,https://insights.blackcoffer.com/difference-between-artificial-intelligence-machine-learning-statistics-and-data-mining/,12.0,-17.0,-5.800001160000233,-0.005208333327907986,8.571428571428571,0.3375,3.5635714285714286,19.633928571428573,324.0,960.0,2.1510416666666665,2.0,6.54375,,,,,,
40,41,https://insights.blackcoffer.com/how-python-became-the-first-choice-for-data-science/,15.0,-1.0,1.1428570612244957,0.03825136601570665,8.133333333333333,0.3360655737704918,3.3877595628415302,17.288888888888888,123.0,366.0,2.23224043715847,2.0,6.786885245901639,,,,,,
41,42,https://insights.blackcoffer.com/how-google-fit-measure-heart-and-respiratory-rates-using-a-phone/,2.0,0.0,0.99999950000025,0.008928571388711734,12.444444444444445,0.27232142857142855,5.08670634920635,24.22222222222222,61.0,224.0,1.9419642857142858,0.0,6.28125,,,,,,
42,43,https://insights.blackcoffer.com/what-is-the-future-of-mobile-apps/,8.0,-9.0,-17.000017000017,-0.0015015014992469948,13.32,0.24774774774774774,5.4270990990991,25.9,165.0,666.0,1.9234234234234233,2.0,5.971471471471472,,,,,,
43,44,https://insights.blackcoffer.com/impact-of-ai-in-health-and-medicine/,6.0,-4.0,4.99999750000125,0.005347593568589322,15.583333333333334,0.4117647058823529,6.398039215686275,29.416666666666668,154.0,374.0,2.355614973262032,1.0,7.048128342245989,,,,,,
44,45,https://insights.blackcoffer.com/telemedicine-what-patients-like-and-dislike-about-it/,7.0,-6.0,12.999987000013,0.005235602066829308,6.586206896551724,0.34554973821989526,2.772702653908648,15.551724137931034,66.0,191.0,2.324607329842932,0.0,7.141361256544503,,,,,,
45,46,https://insights.blackcoffer.com/how-we-forecast-future-technologies/,2.0,0.0,0.99999950000025,0.0188679243503026,8.833333333333334,0.36792452830188677,3.680503144654088,15.916666666666666,39.0,106.0,2.311320754716981,1.0,7.0,,,,,,
46,47,https://insights.blackcoffer.com/can-robots-tackle-late-life-loneliness/,12.0,-10.0,10.99999450000275,0.004819277096821019,7.280701754385965,0.26506024096385544,3.018304798139928,16.82456140350877,110.0,415.0,1.9397590361445782,2.0,6.002409638554217,,,,,,
47,48,https://insights.blackcoffer.com/embedding-care-robots-into-society-socio-technical-considerations/,4.0,0.0,0.9999997500000625,0.0399999996,10.0,0.29,4.116,21.6,29.0,100.0,2.09,1.0,6.45,,,,,,
48,49,https://insights.blackcoffer.com/management-challenges-for-future-digitalization-of-healthcare-services/,13.0,-19.0,-5.33333422222237,-0.008608321364980888,11.616666666666667,0.41606886657101866,4.8130942132950745,22.166666666666668,290.0,697.0,2.428981348637016,0.0,7.322812051649929,,,,,,
49,50,https://insights.blackcoffer.com/are-we-any-closer-to-preventing-a-nuclear-holocaust/,3.0,-9.0,-2.000000333333389,-0.020270270201789627,9.25,0.30405405405405406,3.821621621621622,19.46875,90.0,296.0,2.043918918918919,3.0,6.476351351351352,,,,,,
50,51,https://insights.blackcoffer.com/will-technology-eliminate-the-need-for-animal-testing-in-drug-development/,8.0,-17.0,-2.777778086419787,-0.016949152510453574,10.018867924528301,0.3088512241054614,4.131087659453505,22.037735849056602,164.0,531.0,2.097928436911488,2.0,6.470809792843691,,,,,,
51,52,https://insights.blackcoffer.com/will-we-ever-understand-the-nature-of-consciousness/,9.0,-30.0,-1.8571429455782356,-0.022411953017703358,12.493333333333334,0.4194236926360726,5.165102810387763,26.52,393.0,937.0,2.3308431163287087,2.0,7.19957310565635,,,,,,
52,53,https://insights.blackcoffer.com/will-we-ever-colonize-outer-space/,11.0,-12.0,-23.000023000023,-0.0012004801906356781,11.9,0.28811524609843936,4.875246098439376,27.428571428571427,240.0,833.0,2.043217286914766,2.0,6.394957983193278,,,,,,
53,54,https://insights.blackcoffer.com/what-is-the-chance-homo-sapiens-will-survive-for-the-next-500-years/,6.0,-15.0,-2.3333335925926213,-0.011479591822092357,9.44578313253012,0.2857142857142857,3.8925989672977632,20.325301204819276,224.0,784.0,2.0153061224489797,2.0,6.261479591836735,,,,,,
54,55,https://insights.blackcoffer.com/why-does-your-business-need-a-chatbot/,10.0,-5.0,2.99999940000012,0.011961722459421717,6.634920634920635,0.3181818181818182,2.7812409812409817,15.984126984126984,133.0,418.0,2.1315789473684212,0.0,6.2368421052631575,,,,,,
55,56,https://insights.blackcoffer.com/how-you-lead-a-project-or-a-team-without-any-technical-expertise/,10.0,-4.0,2.3333329444445092,0.009661835733233759,9.26865671641791,0.3027375201288245,3.8285576946186937,24.35820895522388,188.0,621.0,2.0177133655394526,2.0,6.312399355877616,,,,,,
56,57,https://insights.blackcoffer.com/can-you-be-great-leader-without-technical-expertise/,7.0,-4.0,3.6666654444448517,0.013761467826782258,13.625,0.37155963302752293,5.598623853211009,33.625,81.0,218.0,2.0825688073394497,3.0,6.389908256880734,,,,,,
57,58,https://insights.blackcoffer.com/how-does-artificial-intelligence-affect-the-environment/,19.0,-11.0,3.749999531250059,0.008810572677521396,12.971428571428572,0.3524229074889868,5.3295405915670235,25.87142857142857,320.0,908.0,2.2147577092511015,2.0,6.690528634361233,,,,,,
58,59,https://insights.blackcoffer.com/how-to-overcome-your-fear-of-making-mistakes-2/,6.0,-34.0,-1.4285714795918385,-0.055888223441340874,6.5064935064935066,0.27345309381237526,2.711978640122353,15.220779220779221,137.0,501.0,1.9720558882235528,4.0,6.107784431137724,,,,,,
59,60,https://insights.blackcoffer.com/is-perfection-the-greatest-enemy-of-productivity/,10.0,-14.0,-6.0000015000003755,-0.007272727259504132,7.051282051282051,0.24363636363636362,2.9179673659673657,16.653846153846153,134.0,550.0,1.8654545454545455,2.0,5.876363636363636,,,,,,
60,61,https://insights.blackcoffer.com/global-financial-crisis-2008-causes-effects-and-its-solution/,7.0,-28.0,-1.66666674603175,-0.029787234000301796,12.589285714285714,0.25957446808510637,5.139544072948328,24.053571428571427,183.0,705.0,1.902127659574468,0.0,6.070921985815603,,,,,,
61,62,https://insights.blackcoffer.com/gender-diversity-and-equality-in-the-tech-industry/,10.0,-11.0,-21.000021000021,-0.0012315270920794001,9.902439024390244,0.35591133004926107,4.103340141775802,20.353658536585368,289.0,812.0,2.2783251231527095,1.0,6.79064039408867,,,,,,
62,63,https://insights.blackcoffer.com/how-to-overcome-your-fear-of-making-mistakes/,6.0,-40.0,-1.3529412162629768,-0.0641509432751869,6.625,0.2792452830188679,2.7616981132075473,15.35,148.0,530.0,1.9924528301886792,4.0,6.169811320754717,,,,,,
63,64,https://insights.blackcoffer.com/how-small-business-can-survive-the-coronavirus-crisis/,15.0,-24.0,-4.333333814814868,-0.011194029836823346,12.761904761904763,0.2947761194029851,5.2226723525231,27.952380952380953,237.0,804.0,2.057213930348259,1.0,6.294776119402985,,,,,,
64,65,https://insights.blackcoffer.com/impacts-of-covid-19-on-vegetable-vendors-and-food-stalls/,0.0,-6.0,-1.0000001666666944,-0.01435406695130606,15.481481481481481,0.3038277511961722,6.314123693071061,31.88888888888889,127.0,418.0,2.208133971291866,1.0,6.873205741626794,,,,,,
65,66,https://insights.blackcoffer.com/impacts-of-covid-19-on-vegetable-vendors/,3.0,-20.0,-1.3529412560553682,-0.025036818814378765,16.5609756097561,0.34609720176730485,6.762829124609361,32.75609756097561,235.0,679.0,2.2812960235640647,1.0,7.057437407952872,,,,,,
66,67,https://insights.blackcoffer.com/impact-of-covid-19-pandemic-on-tourism-aviation-industries/,6.0,-37.0,-1.387096818938607,-0.033842794722879044,11.594936708860759,0.3406113537117904,4.77421922502902,24.658227848101266,312.0,916.0,2.13646288209607,2.0,6.670305676855895,,,,,,
67,68,https://insights.blackcoffer.com/impact-of-covid-19-pandemic-on-sports-events-around-the-world/,4.0,-17.0,-1.6153847396449799,-0.005610703493478333,11.821428571428571,0.2503236944324558,4.8287009063444115,20.357142857142858,580.0,2317.0,1.8787224859732412,0.0,5.834700043159257,,,,,,
68,69,https://insights.blackcoffer.com/changing-landscape-and-emerging-trends-in-the-indian-it-ites-industry/,5.0,-29.0,-1.416666725694447,-0.02608695649338374,10.952380952380953,0.33260869565217394,4.513995859213251,23.333333333333332,306.0,920.0,2.1608695652173915,3.0,6.695652173913044,,,,,,
69,70,https://insights.blackcoffer.com/online-gaming-adolescent-online-gaming-effects-demotivated-depression-musculoskeletal-and-psychosomatic-symptoms/,9.0,-24.0,-2.2000001466666763,-0.016648168682965408,14.770491803278688,0.39178690344062156,6.064911482687724,28.049180327868854,353.0,901.0,2.3429522752497225,0.0,7.052164261931187,,,,,,
70,71,https://insights.blackcoffer.com/human-rights-outlook/,1.0,-1.0,2000000.0,0.0,9.444444444444445,0.3058823529411765,3.900130718954249,21.555555555555557,26.0,85.0,2.0823529411764707,2.0,6.364705882352941,,,,,,
71,72,https://insights.blackcoffer.com/how-voice-search-makes-your-business-a-successful-business/,9.0,-1.0,1.2499998437500197,0.015296367083563352,10.895833333333334,0.25239005736137665,4.459289356277885,24.416666666666668,132.0,523.0,1.8795411089866156,1.0,6.0,,,,,,
72,73,https://insights.blackcoffer.com/how-the-covid-19-crisis-is-redefining-jobs-and-services/,16.0,-24.0,-5.000000625000078,-0.009512485125431052,6.950413223140496,0.37812128418549346,2.9314138029303956,16.90082644628099,318.0,841.0,2.212841854934602,2.0,6.740784780023781,,,,,,
73,74,https://insights.blackcoffer.com/how-to-increase-social-media-engagement-for-marketers/,14.0,-14.0,28000000.0,0.0,10.368421052631579,0.31370558375634516,4.27285065455517,21.48421052631579,309.0,985.0,2.07005076142132,2.0,6.411167512690355,,,,,,
74,75,https://insights.blackcoffer.com/impacts-of-covid-19-on-streets-sides-food-stalls/,2.0,-15.0,-1.3076924082840313,-0.022727272687539733,12.170212765957446,0.2972027972027972,4.986966225264098,25.680851063829788,170.0,572.0,2.120629370629371,3.0,6.608391608391608,,,,,,
75,76,https://insights.blackcoffer.com/coronavirus-impact-on-energy-markets-2/,2.0,-25.0,-1.1739130945179608,-0.021335807030300732,16.84375,0.3534322820037106,6.878872912801484,31.46875,381.0,1078.0,2.235621521335807,1.0,6.692949907235621,,,,,,
76,77,https://insights.blackcoffer.com/coronavirus-impact-on-the-hospitality-industry-5/,2.0,-20.0,-1.2222222901234607,-0.03422053225433359,10.115384615384615,0.3269961977186312,4.176952325241299,21.192307692307693,172.0,526.0,2.197718631178707,2.0,6.692015209125476,,,,,,
77,78,https://insights.blackcoffer.com/lessons-from-the-past-some-key-learnings-relevant-to-the-coronavirus-crisis-4/,7.0,-24.0,-1.8235295190311482,-0.028716216167709096,8.0,0.32094594594594594,3.3283783783783782,18.45945945945946,190.0,592.0,2.116554054054054,3.0,6.565878378378378,,,,,,
78,79,https://insights.blackcoffer.com/estimating-the-impact-of-covid-19-on-the-world-of-work-2/,10.0,-20.0,-3.0000003000000297,-0.01855287566131192,14.18421052631579,0.36178107606679033,5.818396640953033,31.18421052631579,195.0,539.0,2.250463821892393,2.0,6.795918367346939,,,,,,
79,80,https://insights.blackcoffer.com/estimating-the-impact-of-covid-19-on-the-world-of-work-3/,7.0,-31.0,-1.5833333993055583,-0.027874564427555676,14.59322033898305,0.29849012775842043,5.956684186696588,25.11864406779661,257.0,861.0,2.097560975609756,1.0,6.290360046457607,,,,,,
80,81,https://insights.blackcoffer.com/travel-and-tourism-outlook/,1.0,-1.0,2000000.0,0.0,8.909090909090908,0.24489795918367346,3.6615955473098327,19.90909090909091,24.0,98.0,1.9081632653061225,2.0,5.948979591836735,,,,,,
81,82,https://insights.blackcoffer.com/gaming-disorder-and-effects-of-gaming-on-health/,13.0,-28.0,-2.7333335155555676,-0.02491694348020441,9.868852459016393,0.29401993355481726,4.065148957028485,20.508196721311474,177.0,602.0,2.0299003322259135,2.0,6.245847176079734,,,,,,
82,83,https://insights.blackcoffer.com/what-is-the-repercussion-of-the-environment-due-to-the-covid-19-pandemic-situation/,4.0,-19.0,-1.5333334355555623,-0.03896103885984146,10.694444444444445,0.3090909090909091,4.401414141414142,20.63888888888889,119.0,385.0,2.0623376623376624,2.0,6.290909090909091,,,,,,
83,84,https://insights.blackcoffer.com/what-is-the-repercussion-of-the-environment-due-to-the-covid-19-pandemic-situation-2/,7.0,-30.0,-1.6086957221172054,-0.03633491305476317,12.66,0.39178515007898895,5.220714060031597,24.54,248.0,633.0,2.308056872037915,2.0,7.014218009478673,,,,,,
84,85,https://insights.blackcoffer.com/impact-of-covid-19-pandemic-on-office-space-and-co-working-industries/,2.0,-19.0,-1.235294190311423,-0.0357142856392557,12.205128205128204,0.29831932773109243,5.001379013143719,31.28205128205128,142.0,476.0,2.0168067226890756,2.0,6.470588235294118,,,,,,
85,86,https://insights.blackcoffer.com/contribution-of-handicrafts-visual-arts-literature-in-the-indian-economy/,3.0,-2.0,4.999995000005001,0.0036764705747188583,12.363636363636363,0.34191176470588236,5.082219251336898,21.40909090909091,93.0,272.0,2.136029411764706,0.0,6.632352941176471,,,,,,
86,87,https://insights.blackcoffer.com/how-covid-19-is-impacting-payment-preferences/,4.0,-1.0,1.6666661111112961,0.00859598851405161,10.264705882352942,0.22349570200573066,4.19528063374347,20.647058823529413,78.0,349.0,1.8882521489971347,2.0,5.939828080229226,,,,,,
87,88,https://insights.blackcoffer.com/how-will-covid-19-affect-the-world-of-work-2/,3.0,-28.0,-1.240000049600002,-0.04173622697539862,18.151515151515152,0.3639398998330551,7.406182020539283,36.42424242424242,218.0,599.0,2.2337228714524207,2.0,6.854757929883139,,,,,,
88,89,https://insights.blackcoffer.com/lessons-from-the-past-some-key-learnings-relevant-to-the-coronavirus-crisis/,6.0,-6.0,12000000.0,0.0,10.0,0.19032258064516128,4.0761290322580646,26.258064516129032,59.0,310.0,1.7870967741935484,4.0,5.609677419354838,,,,,,
89,90,https://insights.blackcoffer.com/covid-19-how-have-countries-been-responding/,3.0,-25.0,-1.2727273305785152,-0.03470031540268089,13.208333333333334,0.3186119873817035,5.410778128286015,24.916666666666668,202.0,634.0,2.0993690851735014,0.0,6.452681388012619,,,,,,
90,91,https://insights.blackcoffer.com/coronavirus-impact-on-the-hospitality-industry-2/,6.0,-24.0,-1.6666667592592646,-0.033962264086863654,10.192307692307692,0.39433962264150946,4.23465892597968,22.384615384615383,209.0,530.0,2.3,0.0,7.113207547169812,,,,,,
91,92,https://insights.blackcoffer.com/how-will-covid-19-affect-the-world-of-work-3/,9.0,-27.0,-2.000000111111117,-0.0303030302520151,11.0,0.3383838383838384,4.5353535353535355,21.685185185185187,201.0,594.0,2.1632996632996635,1.0,6.897306397306397,,,,,,
92,93,https://insights.blackcoffer.com/coronavirus-impact-on-the-hospitality-industry-3/,10.0,-31.0,-1.9523810453514785,-0.02974504245078606,12.836363636363636,0.32152974504249293,5.263157352562452,26.345454545454544,227.0,706.0,2.1600566572237963,3.0,6.454674220963173,,,,,,
93,94,https://insights.blackcoffer.com/estimating-the-impact-of-covid-19-on-the-world-of-work/,12.0,-27.0,-2.6000001733333447,-0.017835909610183224,12.014285714285714,0.28299643281807374,4.918912858841516,24.885714285714286,238.0,841.0,2.022592152199762,2.0,6.349583828775268,,,,,,
94,95,https://insights.blackcoffer.com/covid-19-how-have-countries-been-responding-2/,12.0,-34.0,-2.0909091859504176,-0.02012808781324054,14.194805194805195,0.3220494053064959,5.806741840044676,26.350649350649352,352.0,1093.0,2.1143641354071363,2.0,6.337602927721867,,,,,,
95,96,https://insights.blackcoffer.com/how-will-covid-19-affect-the-world-of-work-4/,4.0,-12.0,-2.0000002500000313,-0.019607843089196463,34.0,0.17647058823529413,13.670588235294119,77.16666666666667,72.0,408.0,1.7450980392156863,4.0,5.588235294117647,,,,,,
96,97,https://insights.blackcoffer.com/lessons-from-the-past-some-key-learnings-relevant-to-the-coronavirus-crisis-2/,12.0,-49.0,-1.6486486932067212,-0.03372835001483286,15.23611111111111,0.33454876937101186,6.228263952192849,30.11111111111111,367.0,1097.0,2.1677301731996352,2.0,6.773017319963537,,,,,,
97,98,https://insights.blackcoffer.com/lessons-from-the-past-some-key-learnings-relevant-to-the-coronavirus-crisis-3/,2.0,-14.0,-1.3333334444444536,-0.019639934501407635,7.6375,0.19312602291325695,3.132250409165303,18.025,118.0,611.0,1.8216039279869067,3.0,5.913256955810147,,,,,,
98,99,https://insights.blackcoffer.com/coronavirus-impact-on-the-hospitality-industry-4/,3.0,-9.0,-2.000000333333389,-0.02816901395225815,13.3125,0.39436619718309857,5.482746478873239,24.5,84.0,213.0,2.4178403755868545,1.0,7.112676056338028,,,,,,
99,100,https://insights.blackcoffer.com/why-scams-like-nirav-modi-happen-with-indian-banks/,12.0,-62.0,-1.4800000296000004,-0.03745318349254443,15.0,0.3318352059925094,6.132734082397004,26.97752808988764,443.0,1335.0,2.1273408239700373,1.0,6.548314606741573,,,,,,
100,101,https://insights.blackcoffer.com/impact-of-covid-19-on-the-global-economy/,7.0,-28.0,-1.66666674603175,-0.030882352895761245,10.625,0.24705882352941178,4.3488235294117645,27.140625,168.0,680.0,1.8955882352941176,4.0,5.976470588235294,,,,,,
101,102,https://insights.blackcoffer.com/impact-of-covid-19coronavirus-on-the-indian-economy-2/,7.0,-38.0,-1.4516129500520307,-0.032157676315189135,11.209302325581396,0.2821576763485477,4.596584000771978,23.046511627906977,272.0,964.0,2.070539419087137,4.0,6.262448132780083,,,,,,
102,103,https://insights.blackcoffer.com/impact-of-covid-19-on-the-global-economy-2/,10.0,-36.0,-1.7692308372781091,-0.027139874710709944,12.773333333333333,0.3068893528183716,5.232089074460682,26.973333333333333,294.0,958.0,2.1231732776617953,1.0,6.573068893528184,,,,,,
103,104,https://insights.blackcoffer.com/impact-of-covid-19-coronavirus-on-the-indian-economy-3/,13.0,-38.0,-2.0400000816000032,-0.0216262975591468,15.413333333333334,0.3468858131487889,6.30408765859285,29.4,401.0,1156.0,2.172145328719723,2.0,6.708477508650519,,,,,,
104,105,https://insights.blackcoffer.com/should-celebrities-be-allowed-to-join-politics/,17.0,-20.0,-12.333337444445815,-0.0030674846594401996,15.046153846153846,0.3895705521472393,6.174289759320434,31.96923076923077,381.0,978.0,2.3026584867075663,1.0,6.893660531697342,,,,,,
105,106,https://insights.blackcoffer.com/how-prepared-is-india-to-tackle-a-possible-covid-19-outbreak/,3.0,-17.0,-1.4285715306122522,-0.03043478254253308,13.529411764705882,0.30434782608695654,5.533503836317136,28.352941176470587,140.0,460.0,2.119565217391304,2.0,6.584782608695652,,,,,,
106,107,https://insights.blackcoffer.com/how-will-covid-19-affect-the-world-of-work/,6.0,-43.0,-1.3243243601168746,-0.041294642811055084,12.619718309859154,0.3392857142857143,5.183601609657948,25.633802816901408,304.0,896.0,2.220982142857143,2.0,6.793526785714286,,,,,,
107,108,https://insights.blackcoffer.com/controversy-as-a-marketing-strategy/,9.0,-18.0,-3.0000003333333702,-0.017578124965667723,8.39344262295082,0.296875,3.476127049180328,19.049180327868854,152.0,512.0,2.033203125,2.0,6.35546875,,,,,,
108,109,https://insights.blackcoffer.com/coronavirus-impact-on-the-hospitality-industry/,0.0,-7.0,-1.0000001428571632,-0.015765765730257283,14.8,0.3108108108108108,6.044324324324325,25.833333333333332,138.0,444.0,2.150900900900901,1.0,6.488738738738738,,,,,,
109,110,https://insights.blackcoffer.com/coronavirus-impact-on-energy-markets/,4.0,-29.0,-1.3200000528000022,-0.023923444953183305,20.9,0.291866028708134,8.476746411483253,37.9,305.0,1045.0,2.1167464114832537,1.0,6.343540669856459,,,,,,
110,111,https://insights.blackcoffer.com/what-are-the-key-policies-that-will-mitigate-the-impacts-of-covid-19-on-the-world-of-work/,20.0,-21.0,-41.000041000041,-0.000999000998002996,14.098591549295774,0.34565434565434566,5.777698357980048,27.91549295774648,346.0,1001.0,2.1988011988011986,0.0,6.853146853146853,,,,,,
111,112,https://insights.blackcoffer.com/marketing-drives-results-with-a-focus-on-problems/,6.0,-17.0,-2.090909280991753,-0.01462765955501641,12.745762711864407,0.3337765957446808,5.231815723043635,26.966101694915253,251.0,752.0,2.2180851063829787,3.0,6.788563829787234,,,,,,
112,113,https://insights.blackcoffer.com/continued-demand-for-sustainability/,15.0,-23.0,-4.750000593750074,-0.013468013445340045,14.142857142857142,0.48148148148148145,5.84973544973545,27.047619047619047,286.0,594.0,2.574074074074074,0.0,7.584175084175084,,,,,,
113,114,https://insights.blackcoffer.com/coronavirus-disease-covid-19-effect-the-impact-and-role-of-mass-media-during-the-pandemic/,2.0,-10.0,-1.5000001875000235,-0.034042553046627434,15.666666666666666,0.37872340425531914,6.418156028368795,29.4,89.0,235.0,2.3872340425531915,1.0,7.2893617021276595,,,,,,
114,115,https://insights.blackcoffer.com/should-people-wear-fabric-gloves-seeking-evidence-regarding-the-differential-transfer-of-covid-19-or-coronaviruses-generally-between-surfaces/,1.0,0.0,0.9999990000010001,0.005952380916950114,10.5,0.18452380952380953,4.273809523809525,24.125,31.0,168.0,1.8095238095238095,3.0,5.767857142857143,,,,,,
115,116,https://insights.blackcoffer.com/why-is-there-a-severe-immunological-and-inflammatory-explosion-in-those-affected-by-sarms-covid-19/,0.0,-9.0,-1.0000001111111234,-0.04639175233818684,9.238095238095237,0.32989690721649484,3.8271968581246933,21.857142857142858,64.0,194.0,2.3092783505154637,2.0,6.835051546391752,,,,,,
116,117,https://insights.blackcoffer.com/what-do-you-think-is-the-lesson-or-lessons-to-be-learned-with-covid-19/,0.0,-6.0,-1.0000001666666944,-0.046153845798816574,16.25,0.3076923076923077,6.623076923076923,35.375,40.0,130.0,2.0384615384615383,2.0,6.1692307692307695,,,,,,
117,118,https://insights.blackcoffer.com/coronavirus-the-unexpected-challenge-for-the-european-union/,3.0,-12.0,-1.6666668518518724,-0.07086614117428236,9.071428571428571,0.4330708661417323,3.801799775028121,21.214285714285715,55.0,127.0,2.3149606299212597,2.0,6.913385826771654,,,,,,
118,119,https://insights.blackcoffer.com/industrial-revolution-4-0-pros-and-cons/,13.0,-10.0,7.666664111111962,0.00785340312080261,11.235294117647058,0.4319371727748691,4.6668925161687715,20.823529411764707,165.0,382.0,2.397905759162304,2.0,7.162303664921466,,,,,,
119,120,https://insights.blackcoffer.com/impact-of-covid-19-coronavirus-on-the-indian-economy/,2.0,-33.0,-1.1290322944849127,-0.0529010238005102,13.952380952380953,0.2883959044368601,5.696310742727126,27.523809523809526,169.0,586.0,2.061433447098976,0.0,6.377133105802048,,,,,,
120,121,https://insights.blackcoffer.com/impact-of-covid-19-coronavirus-on-the-indian-economy-2/,1.0,-27.0,-1.0769231183431969,-0.05078124990081787,13.128205128205128,0.283203125,5.364563301282051,28.82051282051282,145.0,512.0,2.076171875,2.0,6.33984375,,,,,,
121,122,https://insights.blackcoffer.com/impact-of-covid-19coronavirus-on-the-indian-economy/,10.0,-36.0,-1.7692308372781091,-0.025742574231938046,13.466666666666667,0.35346534653465345,5.528052805280528,27.0,357.0,1010.0,2.23960396039604,0.0,6.7306930693069305,,,,,,
122,123,https://insights.blackcoffer.com/impact-of-covid-19-coronavirus-on-the-global-economy/,2.0,-8.0,-1.6666669444444908,-0.01749271131926323,9.8,0.3236151603498542,4.049446064139942,19.62857142857143,111.0,343.0,2.250728862973761,1.0,6.685131195335277,,,,,,
123,124,https://insights.blackcoffer.com/ensuring-growth-through-insurance-technology/,10.0,-16.0,-4.333334055555676,-0.009188361394811086,17.18421052631579,0.36906584992343033,7.021310550495689,33.078947368421055,241.0,653.0,2.2067381316998467,1.0,6.658499234303216,,,,,,
124,125,https://insights.blackcoffer.com/blockchain-in-fintech/,4.0,-10.0,-2.333333722222287,-0.012371133995111064,13.108108108108109,0.3154639175257732,5.369428810253553,28.0,153.0,485.0,2.2020618556701033,1.0,7.043298969072165,,,,,,
125,126,https://insights.blackcoffer.com/blockchain-for-payments/,8.0,-16.0,-3.000000375000047,-0.01535508634288851,10.63265306122449,0.35892514395393477,4.39663128207137,20.79591836734694,187.0,521.0,2.2552783109404992,3.0,7.084452975047984,,,,,,
126,127,https://insights.blackcoffer.com/the-future-of-investing/,11.0,-5.0,2.6666662222222963,0.006396588479321334,13.594202898550725,0.30597014925373134,5.560069219121782,25.855072463768117,287.0,938.0,2.094882729211087,1.0,6.498933901918977,,,,,,
127,128,https://insights.blackcoffer.com/big-data-analytics-in-healthcare/,8.0,-24.0,-2.0000001250000077,-0.02356406476647413,10.287878787878787,0.35198821796759944,4.255946802338555,19.757575757575758,239.0,679.0,2.1929307805596467,2.0,6.650957290132548,,,,,,
128,129,https://insights.blackcoffer.com/business-analytics-in-the-healthcare-industry/,12.0,-5.0,2.4285710816327026,0.01678657070314971,13.9,0.4844124700239808,5.753764988009593,26.8,202.0,417.0,2.5107913669064748,0.0,7.553956834532374,,,,,,
129,130,https://insights.blackcoffer.com/challenges-and-opportunities-of-big-data-in-healthcare/,10.0,-26.0,-2.2500001406250085,-0.02826855118680468,8.575757575757576,0.3657243816254417,3.576592782953208,17.59090909090909,207.0,566.0,2.277385159010601,3.0,6.8250883392226145,,,,,,
130,131,https://insights.blackcoffer.com/obstacles-to-data-driven-healthcare/,11.0,-31.0,-2.1000001050000052,-0.024067388659365356,14.084745762711865,0.3285198555956679,5.7653062473230134,28.06779661016949,273.0,831.0,2.2310469314079424,2.0,6.663056558363418,,,,,,
131,132,https://insights.blackcoffer.com/monetization-of-data-innovate-to-harvest-the-full-value-of-data/,22.0,-7.0,1.9333332044444531,0.021613832821882086,11.37704918032787,0.42219020172910665,4.7196957528227905,21.360655737704917,293.0,694.0,2.4582132564841497,0.0,7.085014409221902,,,,,,
132,133,https://insights.blackcoffer.com/traceability-of-information-master-your-data-capital/,10.0,-22.0,-2.666666888888907,-0.018691588755932104,12.84,0.4485981308411215,5.315439252336449,24.48,288.0,642.0,2.568535825545171,2.0,7.574766355140187,,,,,,
133,134,https://insights.blackcoffer.com/bank-risk-management-india/,10.0,-21.0,-2.8181820743801884,-0.014686248311500337,11.348484848484848,0.3444592790387183,4.677177651009426,21.939393939393938,258.0,749.0,2.1134846461949266,1.0,6.461949265687584,,,,,,
134,135,https://insights.blackcoffer.com/advance-analytics-for-refocusing-profits/,22.0,-17.0,7.799998440000312,0.006784260506398561,10.23611111111111,0.4314789687924016,4.267036031961405,19.416666666666668,318.0,737.0,2.362279511533243,0.0,7.199457259158752,,,,,,
135,136,https://insights.blackcoffer.com/role-of-big-data-analytics-banking-and-finance/,5.0,-12.0,-2.4285717755102536,-0.014830508443155702,10.976744186046512,0.3622881355932203,4.535612928655893,21.0,171.0,472.0,2.2309322033898304,0.0,6.616525423728813,,,,,,
136,137,https://insights.blackcoffer.com/mitigating-bank-risk-management/,11.0,-23.0,-2.833333569444464,-0.014833127299341005,13.262295081967213,0.33127317676143386,5.437427303491459,25.18032786885246,268.0,809.0,2.168108776266996,2.0,6.600741656365884,,,,,,
137,138,https://insights.blackcoffer.com/future-of-bank-risk-management/,6.0,-20.0,-1.8571429897959277,-0.03317535537162238,11.405405405405405,0.3578199052132701,4.705290124247471,24.324324324324323,151.0,422.0,2.18957345971564,1.0,6.770142180094787,,,,,,
138,139,https://insights.blackcoffer.com/advanced-analytics-redefining-banking/,11.0,-10.0,20.999979000021003,0.0011990407659483923,13.03125,0.37889688249400477,5.364058752997602,27.6875,316.0,834.0,2.239808153477218,4.0,6.9412470023980815,,,,,,
139,140,https://insights.blackcoffer.com/marketing-analytics-needs/,19.0,-3.0,1.3749999140625053,0.020460358030101843,9.30952380952381,0.43350383631713557,3.897211058336379,19.952380952380953,339.0,782.0,2.373401534526854,2.0,7.0971867007672635,,,,,,
140,141,https://insights.blackcoffer.com/big-data-analytics-to-bring-transparency-and-good-governance/,21.0,-11.0,3.1999996800000323,0.020120724305592103,14.2,0.45472837022132795,5.861891348088531,27.857142857142858,226.0,497.0,2.448692152917505,0.0,7.217303822937626,,,,,,
141,142,https://insights.blackcoffer.com/how-political-leaders-will-shape-tomorrow-using-big-data-analytics/,16.0,-10.0,4.333332611111231,0.009966777392081766,15.435897435897436,0.4269102990033223,6.345123093960304,34.1025641025641,257.0,602.0,2.478405315614618,0.0,7.355481727574751,,,,,,
142,143,https://insights.blackcoffer.com/big-data-and-analytics-to-help-form-political-leaders-win-election/,11.0,-12.0,-23.000023000023,-0.0018939393903523874,9.962264150943396,0.4034090909090909,4.1462692967409955,20.30188679245283,213.0,528.0,2.3731060606060606,0.0,6.895833333333333,,,,,,
143,144,https://insights.blackcoffer.com/the-emergence-of-data-analytics/,2.0,-5.0,-2.3333341111113706,-0.009146341435529446,11.310344827586206,0.39634146341463417,4.682674516400336,22.344827586206897,130.0,328.0,2.3536585365853657,1.0,6.875,,,,,,
144,145,https://insights.blackcoffer.com/how-artificial-intelligence-can-deliver-real-value-to-companies-2/,20.0,-12.0,3.999999500000063,0.0092699884017729,10.7875,0.40903823870220163,4.478615295480881,21.45,353.0,863.0,2.354577056778679,2.0,6.911935110081113,,,,,,
145,146,https://insights.blackcoffer.com/the-prospective-recipe-of-success-in-the-age-of-analytics/,6.0,-13.0,-2.7142861020408717,-0.010339734105849728,10.578125,0.43131462333825704,4.403775849335303,23.015625,292.0,677.0,2.292466765140325,3.0,6.86410635155096,,,,,,
146,147,https://insights.blackcoffer.com/using-people-analytics-to-drive-business-performance/,4.0,-7.0,-3.6666678888892963,-0.008130081278780267,11.181818181818182,0.2981029810298103,4.591968465139197,24.363636363636363,110.0,369.0,2.067750677506775,1.0,6.4471544715447155,,,,,,
147,148,https://insights.blackcoffer.com/how-artificial-intelligence-can-deliver-real-value-to-companies/,12.0,-19.0,-4.42857206122458,-0.010752688155525825,10.171875,0.3655913978494624,4.214986559139785,20.6875,238.0,651.0,2.2749615975422426,3.0,6.7265745007680495,,,,,,
148,149,https://insights.blackcoffer.com/big-data-analytics-through-iot-in-oil-and-gas-industry/,16.0,-26.0,-4.200000420000042,-0.01039501038420477,13.742857142857142,0.38357588357588357,5.65057321057321,26.4,369.0,962.0,2.3253638253638256,2.0,7.087318087318088,,,,,,
149,150,https://insights.blackcoffer.com/how-big-data-and-analytics-is-helping-marketing-leaders/,10.0,-7.0,5.666664777778407,0.004792332260715124,9.205882352941176,0.42012779552715657,3.850404059387333,19.323529411764707,263.0,626.0,2.3849840255591053,1.0,7.035143769968051,,,,,,
150,151,https://insights.blackcoffer.com/what-analytics-outsourcing-engagement-model-is-right-for-you/,17.0,-3.0,1.4285713265306197,0.025641025594064056,12.409090909090908,0.4340659340659341,5.137262737262738,24.045454545454547,237.0,546.0,2.3956043956043955,0.0,7.1300366300366305,,,,,,
151,152,https://insights.blackcoffer.com/big-data-analytics-solving-problems-banking-and-finance-industry/,11.0,-10.0,20.999979000021003,0.0019880715666241123,9.862745098039216,0.3976143141153082,4.10414376486181,21.392156862745097,200.0,503.0,2.3280318091451293,1.0,7.007952286282306,,,,,,
152,153,https://insights.blackcoffer.com/analytics-healthcare-industry/,8.0,-15.0,-3.285714755102108,-0.012323943640274747,11.833333333333334,0.43838028169014087,4.90868544600939,23.4375,249.0,568.0,2.4911971830985915,1.0,7.345070422535211,,,,,,
153,154,https://insights.blackcoffer.com/business-analytics-textile-industry/,15.0,-3.0,1.4999998750000105,0.01711840225803366,21.242424242424242,0.4664764621968616,8.683560281848441,42.09090909090909,327.0,701.0,2.4893009985734667,1.0,7.273894436519258,,,,,,
154,155,https://insights.blackcoffer.com/big-data-marketing-reality/,15.0,-7.0,2.749999656250043,0.014869888448197234,11.955555555555556,0.3345724907063197,4.916051218504751,25.0,180.0,538.0,2.200743494423792,0.0,6.635687732342007,,,,,,
155,156,https://insights.blackcoffer.com/understanding-millennial-market/,4.0,-3.0,6.9999930000070005,0.0029498524986730015,15.409090909090908,0.31563421828908556,6.289890050951998,31.045454545454547,107.0,339.0,2.112094395280236,1.0,6.873156342182891,,,,,,
156,157,https://insights.blackcoffer.com/analytics-helping-fashion-e-tailers-develop-markets-developing-countries/,9.0,-3.0,1.9999996666667221,0.014814814778235026,10.945945945945946,0.4246913580246914,4.5482549215882555,22.16216216216216,172.0,405.0,2.4024691358024692,2.0,7.091358024691358,,,,,,
157,158,https://insights.blackcoffer.com/big-data-analytics-change-healthcare-developing-countries/,16.0,-10.0,4.333332611111231,0.012684989402357317,15.766666666666667,0.3699788583509514,6.454658210007048,29.8,175.0,473.0,2.3530655391120505,0.0,7.150105708245243,,,,,,
158,159,https://insights.blackcoffer.com/big-data-analytics-help-voters-know-political-leaders/,7.0,-4.0,3.6666654444448517,0.008130081278780267,12.3,0.3821138211382114,5.072845528455286,28.133333333333333,141.0,369.0,2.292682926829268,0.0,6.7588075880758804,,,,,,
159,160,https://insights.blackcoffer.com/digital-transformation-oil-gas/,8.0,-11.0,-6.333335444445148,-0.007444168716019432,15.5,0.4813895781637717,6.392555831265509,29.576923076923077,194.0,403.0,2.4491315136476426,1.0,7.126550868486352,,,,,,
160,161,https://insights.blackcoffer.com/data-analytics-reduce-cost-production/,15.0,-8.0,3.2857138163265978,0.015659955222237235,17.88,0.3825503355704698,7.305020134228188,36.08,171.0,447.0,2.203579418344519,0.0,6.519015659955257,,,,,,
161,162,https://insights.blackcoffer.com/gaining-insights-internal-data-retail/,15.0,-4.0,1.7272725702479483,0.029333333255111112,15.0,0.44266666666666665,6.177066666666667,26.48,166.0,375.0,2.429333333333333,0.0,6.954666666666666,,,,,,
162,163,https://insights.blackcoffer.com/role-big-data-cyber-security/,7.0,-19.0,-2.166666847222237,-0.025210083980651086,15.866666666666667,0.4852941176470588,6.54078431372549,27.9,231.0,476.0,2.6029411764705883,0.0,7.32563025210084,,,,,,
163,164,https://insights.blackcoffer.com/role-big-data-healthcare/,24.0,-29.0,-10.600002120000424,-0.006793478251639296,13.142857142857142,0.41440217391304346,5.422903726708075,23.964285714285715,305.0,736.0,2.411684782608696,0.0,7.205163043478261,,,,,,
164,165,https://insights.blackcoffer.com/data-driven-dashboards/,5.0,-2.0,2.3333325555558146,0.0058027079191436985,11.75,0.3036750483558994,4.82147001934236,23.272727272727273,157.0,517.0,2.1663442940038684,0.0,6.653771760154739,,,,,,
165,166,https://insights.blackcoffer.com/role-big-data-academia/,9.0,-13.0,-5.500001375000344,-0.005031446534551639,11.19718309859155,0.32578616352201256,4.609187704845425,24.56338028169014,259.0,795.0,2.230188679245283,2.0,6.725786163522012,,,,,,
166,167,https://insights.blackcoffer.com/sales-forecasting-in-retail/,18.0,-10.0,3.499999562500055,0.013559322010916404,15.526315789473685,0.3728813559322034,6.359678858162356,29.0,220.0,590.0,2.352542372881356,0.0,7.035593220338983,,,,,,
167,168,https://insights.blackcoffer.com/detect-data-exfiltration-over-the-network/,3.0,-28.0,-1.240000049600002,-0.04166666659722222,10.526315789473685,0.39666666666666667,4.36919298245614,19.719298245614034,238.0,600.0,2.4283333333333332,1.0,7.096666666666667,,,,,,
168,169,https://insights.blackcoffer.com/data-exfiltration/,3.0,-6.0,-3.0000010000003337,-0.010101010066999967,10.607142857142858,0.3602693602693603,4.386964886964887,24.107142857142858,107.0,297.0,2.276094276094276,2.0,6.905723905723906,,,,,,
169,170,https://insights.blackcoffer.com/impacts-of-covid-19-on-vegetable-vendors-and-food-stalls/,0.0,-6.0,-1.0000001666666944,-0.01435406695130606,15.481481481481481,0.3038277511961722,6.314123693071061,31.88888888888889,127.0,418.0,2.208133971291866,1.0,6.873205741626794,,,,,,
